"id","ticker","company_name","long_business_summary","website","industry","sector","country","state","city","full_time_employees","founded_year","currency","exchange","quote_type","time_zone","last_updated","data_collection_date","data_year"
31,"AAPL","Apple Inc.","Apple Inc. designs, manufactures, and markets smartphones, personal computers, tablets, wearables, and accessories worldwide. The company offers iPhone, a line of smartphones; Mac, a line of personal computers; iPad, a line of multi-purpose tablets; and wearables, home, and accessories comprising AirPods, Apple TV, Apple Watch, Beats products, and HomePod. It also provides AppleCare support and cloud services; and operates various platforms, including the App Store that allow customers to discover and download applications and digital content, such as books, music, video, games, and podcasts, as well as advertising services include third-party licensing arrangements and its own advertising platforms. In addition, the company offers various subscription-based services, such as Apple Arcade, a game subscription service; Apple Fitness+, a personalized fitness service; Apple Music, which offers users a curated listening experience with on-demand radio stations; Apple News+, a subscription news and magazine service; Apple TV+, which offers exclusive original content; Apple Card, a co-branded credit card; and Apple Pay, a cashless payment service, as well as licenses its intellectual property. The company serves consumers, and small and mid-sized businesses; and the education, enterprise, and government markets. It distributes third-party applications for its products through the App Store. The company also sells its products through its retail and online stores, and direct sales force; and third-party cellular network carriers, wholesalers, retailers, and resellers. Apple Inc. was founded in 1976 and is headquartered in Cupertino, California.","https://www.apple.com","Consumer Electronics","Technology","United States","CA","Cupertino",150000,NULL,"USD","NMS","EQUITY",NULL,"2025-08-17 07:37:00.706862","2025-08-17",2025
32,"MSFT","Microsoft Corporation","Microsoft Corporation develops and supports software, services, devices, and solutions worldwide. The company's Productivity and Business Processes segment offers Microsoft 365 Commercial, Enterprise Mobility + Security, Windows Commercial, Power BI, Exchange, SharePoint, Microsoft Teams, Security and Compliance, and Copilot; Microsoft 365 Commercial products, such as Windows Commercial on-premises and Office licensed services; Microsoft 365 Consumer products and cloud services, such as Microsoft 365 Consumer subscriptions, Office licensed on-premises, and other consumer services; LinkedIn; Dynamics products and cloud services, such as Dynamics 365, cloud-based applications, and on-premises ERP and CRM applications. Its Intelligent Cloud segment provides Server products and cloud services, such as Azure and other cloud services, GitHub, Nuance Healthcare, virtual desktop offerings, and other cloud services; Server products, including SQL and Windows Server, Visual Studio and System Center related Client Access Licenses, and other on-premises offerings; Enterprise and partner services, including Enterprise Support and Nuance professional Services, Industry Solutions, Microsoft Partner Network, and Learning Experience. The company's Personal Computing segment provides Windows and Devices, such as Windows OEM licensing and Devices and Surface and PC accessories; Gaming services and solutions, such as Xbox hardware, content, and services, first- and third-party content Xbox Game Pass, subscriptions, and Cloud Gaming, advertising, and other cloud services; search and news advertising services, such as Bing and Copilot, Microsoft News and Edge, and third-party affiliates. It sells its products through OEMs, distributors, and resellers; and online and retail stores. The company was founded in 1975 and is headquartered in Redmond, Washington.","https://www.microsoft.com","Software - Infrastructure","Technology","United States","WA","Redmond",228000,NULL,"USD","NMS","EQUITY",NULL,"2025-08-17 07:37:02.036727","2025-08-17",2025
33,"GOOGL","Alphabet Inc.","Alphabet Inc. offers various products and platforms in the United States, Europe, the Middle East, Africa, the Asia-Pacific, Canada, and Latin America. It operates through Google Services, Google Cloud, and Other Bets segments. The Google Services segment provides products and services, including ads, Android, Chrome, devices, Gmail, Google Drive, Google Maps, Google Photos, Google Play, Search, and YouTube. It is also involved in the sale of apps and in-app purchases and digital content in the Google Play and YouTube; and devices, as well as in the provision of YouTube consumer subscription services. The Google Cloud segment offers AI infrastructure, Vertex AI platform, cybersecurity, data and analytics, and other services; Google Workspace that include cloud-based communication and collaboration tools for enterprises, such as Calendar, Gmail, Docs, Drive, and Meet; and other services for enterprise customers. The Other Bets segment sells healthcare-related and internet services. The company was incorporated in 1998 and is headquartered in Mountain View, California.","https://abc.xyz","Internet Content & Information","Communication Services","United States","CA","Mountain View",187103,NULL,"USD","NMS","EQUITY",NULL,"2025-08-17 07:37:03.37265","2025-08-17",2025
34,"AMZN","Amazon.com, Inc.","Amazon.com, Inc. engages in the retail sale of consumer products, advertising, and subscriptions service through online and physical stores in North America and internationally. The company operates through three segments: North America, International, and Amazon Web Services (AWS). It also manufactures and sells electronic devices, including Kindle, fire tablets, fire TVs, echo, ring, blink, and eero; and develops and produces media content. In addition, the company offers programs that enable sellers to sell their products in its stores; and programs that allow authors, independent publishers, musicians, filmmakers, Twitch streamers, skill and app developers, and others to publish and sell content. Further, it provides compute, storage, database, analytics, machine learning, and other services, as well as advertising services through programs, such as sponsored ads, display, and video advertising. Additionally, the company offers Amazon Prime, a membership program. The company's products offered through its stores include merchandise and content purchased for resale and products offered by third-party sellers. It serves consumers, sellers, developers, enterprises, content creators, advertisers, and employees. Amazon.com, Inc. was incorporated in 1994 and is headquartered in Seattle, Washington.","https://www.aboutamazon.com","Internet Retail","Consumer Cyclical","United States","WA","Seattle",1546000,NULL,"USD","NMS","EQUITY",NULL,"2025-08-17 07:37:04.695632","2025-08-17",2025
35,"TSLA","Tesla, Inc.","Tesla, Inc. designs, develops, manufactures, leases, and sells electric vehicles, and energy generation and storage systems in the United States, China, and internationally. The company operates in two segments, Automotive; and Energy Generation and Storage. The Automotive segment offers electric vehicles, as well as sells automotive regulatory credits; and non-warranty after-sales vehicle, used vehicles, body shop and parts, supercharging, retail merchandise, and vehicle insurance services. This segment also provides sedans and sport utility vehicles through direct and used vehicle sales, a network of Tesla Superchargers, and in-app upgrades; purchase financing and leasing services; services for electric vehicles through its company-owned service locations and Tesla mobile service technicians; and vehicle limited warranties and extended service plans. The Energy Generation and Storage segment engages in the design, manufacture, installation, sale, and leasing of solar energy generation and energy storage products, and related services to residential, commercial, and industrial customers and utilities through its website, stores, and galleries, as well as through a network of channel partners. This segment also provides services and repairs to its energy product customers, including under warranty; and various financing options to its residential customers. The company was formerly known as Tesla Motors, Inc. and changed its name to Tesla, Inc. in February 2017. Tesla, Inc. was incorporated in 2003 and is headquartered in Austin, Texas.","https://www.tesla.com","Auto Manufacturers","Consumer Cyclical","United States","TX","Austin",125665,NULL,"USD","NMS","EQUITY",NULL,"2025-08-17 07:37:06.027486","2025-08-17",2025
36,"META","Meta Platforms, Inc.","Meta Platforms, Inc. engages in the development of products that enable people to connect and share with friends and family through mobile devices, personal computers, virtual reality and mixed reality headsets, augmented reality, and wearables worldwide. It operates through two segments, Family of Apps (FoA) and Reality Labs (RL). The FoA segment offers Facebook, which enables people to build community through feed, reels, stories, groups, marketplace, and other; Instagram that brings people closer through instagram feed, stories, reels, live, and messaging; Messenger, a messaging application for people to connect with friends, family, communities, and businesses across platforms and devices through text, audio, and video calls; Threads, an application for text-based updates and public conversations; and WhatsApp, a messaging application that is used by people and businesses to communicate and transact in a private way. The RL segment provides virtual, augmented, and mixed reality related products comprising consumer hardware, software, and content that help people feel connected, anytime, and anywhere. The company was formerly known as Facebook, Inc. and changed its name to Meta Platforms, Inc. in October 2021. The company was incorporated in 2004 and is headquartered in Menlo Park, California.","https://investor.atmeta.com","Internet Content & Information","Communication Services","United States","CA","Menlo Park",75945,NULL,"USD","NMS","EQUITY",NULL,"2025-08-17 07:37:07.398688","2025-08-17",2025
37,"NVDA","NVIDIA Corporation","NVIDIA Corporation, a computing infrastructure company, provides graphics and compute and networking solutions in the United States, Singapore, Taiwan, China, Hong Kong, and internationally. The Compute & Networking segment includes its Data Centre accelerated computing platforms and artificial intelligence solutions and software; networking; automotive platforms and autonomous and electric vehicle solutions; Jetson for robotics and other embedded platforms; and DGX Cloud computing services. The Graphics segment offers GeForce GPUs for gaming and PCs, the GeForce NOW game streaming service and related infrastructure, and solutions for gaming platforms; Quadro/NVIDIA RTX GPUs for enterprise workstation graphics; virtual GPU or vGPU software for cloud-based visual and virtual computing; automotive platforms for infotainment systems; and Omniverse software for building and operating industrial AI and digital twin applications. It also customized agentic solutions designed in collaboration with NVIDIA to accelerate enterprise AI adoption. The company's products are used in gaming, professional visualization, data center, and automotive markets. It sells its products to original equipment manufacturers, original device manufacturers, system integrators and distributors, independent software vendors, cloud service providers, consumer internet companies, add-in board manufacturers, distributors, automotive manufacturers and tier-1 automotive suppliers, and other ecosystem participants. NVIDIA Corporation was incorporated in 1993 and is headquartered in Santa Clara, California.","https://www.nvidia.com","Semiconductors","Technology","United States","CA","Santa Clara",36000,NULL,"USD","NMS","EQUITY",NULL,"2025-08-17 07:37:08.79616","2025-08-17",2025
38,"BRK.B",NULL,NULL,NULL,NULL,NULL,NULL,NULL,NULL,NULL,NULL,NULL,NULL,"EQUITY",NULL,"2025-08-17 07:37:10.228492","2025-08-17",2025
39,"V","Visa Inc.","Visa Inc. operates as a payment technology company in the United States and internationally. The company operates VisaNet, a transaction processing network that enables authorization, clearing, and settlement of payment transactions. It also offers credit, debit, and prepaid card products; tap to pay, tokenization, and click to pay services; Visa Direct, a solution that facilitates the delivery of funds to eligible cards, bank accounts, and digital wallets; Visa B2B Connect, a multilateral business-to-business cross-border payments network; Visa Cross-Border Solution, a cross-border consumer payments solution; and Visa DPS that provides a range of value-added services, including fraud mitigation, dispute management, data analytics, campaign management, a suite of digital solutions, and contact center services. The company also provides acceptance solutions, which include Cybersource and Authorize.net that provides new and enhanced payment integrations with ecommerce platforms, enabling sellers and acquirers to offer tailored commerce experiences; risk and identity solutions, such as Visa Advanced Authorization, Visa Secure, Visa Consumer Authentication Service, Visa Protect Authentication Intelligence, and Visa Provisioning Intelligence; and Visa Consulting and Analytics, a payment consulting advisory services. It provides its services under the Visa, Visa Electron, Interlink, V PAY, and PLUS brands. The company serves merchants, financial institutions, and government entities. Visa Inc. was founded in 1958 and is headquartered in San Francisco, California.","https://www.visa.com","Credit Services","Financial Services","United States","CA","San Francisco",NULL,NULL,"USD","NYQ","EQUITY",NULL,"2025-08-17 07:37:11.529025","2025-08-17",2025
40,"JNJ","Johnson & Johnson","Johnson & Johnson, together with its subsidiaries, engages in the research and development, manufacture, and sale of various products in the healthcare field worldwide. It operates in two segments, Innovative Medicine and MedTech. The Innovative Medicine segment offers products for various therapeutic areas, such as immunology, including rheumatoid arthritis, psoriatic arthritis, inflammatory bowel disease, and psoriasis; infectious diseases comprising HIV/AIDS; neuroscience, consisting of mood disorders, neurodegenerative disorders, and schizophrenia; oncology, such as prostate cancer, hematologic malignancies, lung cancer, and bladder cancer; cardiovascular and metabolism, including thrombosis, diabetes, and macular degeneration; and pulmonary hypertension comprising pulmonary arterial hypertension through retailers, wholesalers, distributors, hospitals, and healthcare professionals for prescription use. The MedTech segment provides electrophysiology products to treat heart rhythm disorders; the heart recovery portfolio, which includes technologies to treat severe coronary artery disease requiring high-risk PCI or AMI cardiogenic shock; circulatory restoration products for the treatment of calcified coronary artery and peripheral artery diseases; and neurovascular care that treats hemorrhagic and ischemic stroke. This segment offers an orthopaedics portfolio that includes products and enabling technologies that support hips, knees, trauma, spine, sports, and other; surgery portfolios comprising advanced and general surgery technologies, as well as solutions for breast aesthetics and reconstruction; contact lenses under the ACUVUE brand; and TECNIS intraocular lenses for cataract surgery. It distributes its products to wholesalers, hospitals, and retailers, as well as physicians, nurses, hospitals, eye care professionals, and clinics. The company was founded in 1886 and is based in New Brunswick, New Jersey.","https://www.jnj.com","Drug Manufacturers - General","Healthcare","United States","NJ","New Brunswick",138100,NULL,"USD","NYQ","EQUITY",NULL,"2025-08-17 07:37:12.994141","2025-08-17",2025
41,"WMT","Walmart Inc.","Walmart Inc. engages in the operation of retail and wholesale stores and clubs, eCommerce websites, and mobile applications worldwide. The company operates through three segments: Walmart U.S., Walmart International, and Sam's Club. It operates supercenters, supermarkets, warehouse clubs, cash and carry stores, and discount stores under Walmart and Walmart Neighborhood Market brands; membership-only warehouse clubs; and ecommerce websites, such as walmart.com.mx, walmart.ca, flipkart.com, PhonePe and other sites. The company also offers grocery items, including dry grocery, snacks, dairy, meat, produce, deli and bakery, frozen foods, alcoholic and nonalcoholic beverages, as well as consumables, such as health and beauty aids, pet supplies, household chemicals, paper goods, and baby products; and fuel and other categories. In addition, it is involved in the provision of health and wellness products covering pharmacy, optical and hearing services, over-the-counter drugs, and protein and nutrition products; and home, hardlines, and seasonal items, including home improvement, outdoor living, gardening, furniture, apparel, jewelry, tools and power equipment, housewares, toys, and mattresses. Further, the company offers consumer electronics and accessories, software, video games, office supplies, appliances, and third-party gift cards. Additionally, it operates digital payment platforms; offers financial services and related products, including money transfers, bill payments, money orders, check cashing, prepaid access, co-branded credit cards, installment lending, and earned wage access; and markets lines of merchandise under private and licensed brands. The company was formerly known as Wal-Mart Stores, Inc. and changed its name to Walmart Inc. in February 2018. Walmart Inc. was founded in 1945 and is based in Bentonville, Arkansas.","https://corporate.walmart.com","Discount Stores","Consumer Defensive","United States","AR","Bentonville",2100000,NULL,"USD","NYQ","EQUITY",NULL,"2025-08-17 07:37:14.427836","2025-08-17",2025
42,"JPM","JPMorgan Chase & Co.","JPMorgan Chase & Co. operates as a financial services company worldwide. It operates through three segments: Consumer & Community Banking, Commercial & Investment Bank, and Asset & Wealth Management. The company offers deposit, investment and lending products, cash management, and payments and services; mortgage origination and servicing activities; residential mortgages and home equity loans; and credit cards, auto loans, leases, and travel services to consumers and small businesses through bank branches, ATMs, and digital and telephone banking. It also provides investment banking products and services, including corporate strategy and structure advisory, and equity and debt market capital-raising services, as well as loan origination and syndication; payments; and cash and derivative instruments, risk management solutions, prime brokerage, and research, as well as offers securities services, including custody, fund services, liquidity, and trading services, and data solutions products. In addition, the company provides financial solutions, including lending, payments, investment banking, and asset management to small and midsized companies, local governments, nonprofit clients, and municipalities, as well as commercial real estate clients. Further, it offers multi-asset investment management solutions in equities, fixed income, alternatives, and money market funds to institutional clients and retail investors; and retirement products and services, brokerage, custody, estate planning, lending, deposits, and investment management products to high net worth clients. The company was founded in 1799 and is headquartered in New York, New York.","https://www.jpmorganchase.com","Banks - Diversified","Financial Services","United States","NY","New York",317160,NULL,"USD","NYQ","EQUITY",NULL,"2025-08-17 07:37:15.861545","2025-08-17",2025
43,"PG","The Procter & Gamble Company","The Procter & Gamble Company provides branded consumer packaged goods worldwide. It operates through Beauty; Grooming; Health Care; Fabric & Home Care; and Baby, Feminine & Family Care segments. The company offers conditioners, shampoos, styling aids, and treatments under the Head & Shoulders, Herbal Essences, Pantene, and Rejoice brands; antiperspirants, deodorants, and personal cleansing products under the Native, Old Spice, Safeguard, and Secret brands; and facial moisturizers, cleaners, and treatments under the Olay and SK-II brands. It also provides blades, razors, shave products, appliances, and other grooming products under the Braun, Gillette, and Venus brands. In addition, the company offers toothbrushes, toothpastes, and other oral care products under the Crest and Oral-B brands; and gastrointestinal, pain relief, rapid diagnostics, respiratory, vitamins/minerals/supplements, and other personal health care products under the Metamucil, Neurobion, Pepto-Bismol, and Vicks brands. Further, it provides fabric enhancers, and laundry additives and detergents under the Ariel, Downy, Gain, and Tide brands; and air and dish care, P&G professional, and surface care under the Cascade, Dawn, Fairy, Febreze, Mr. Clean, and Swiffer brands. Additionally, the company offers baby wipes, and taped diapers and pants under the Luvs and Pampers brands; adult incontinence and menstrual care products under the Always, Always Discreet, and Tampax brands; and paper towels, tissues, and toilet papers under the Bounty, Charmin, and Puffs brands. It sells its products through mass merchandisers, social and e-commerce channels, grocery and specialty beauty stores, membership club stores, drug and department stores, distributors, wholesalers, airport duty-free and high-frequency stores, pharmacies, electronics stores, and professional channels, as well as directly to consumers. The Procter & Gamble Company was founded in 1837 and is headquartered in Cincinnati, Ohio.","https://www.pginvestor.com","Household & Personal Products","Consumer Defensive","United States","OH","Cincinnati",109000,NULL,"USD","NYQ","EQUITY",NULL,"2025-08-17 07:37:17.184355","2025-08-17",2025
44,"UNH","UnitedHealth Group Incorporated","UnitedHealth Group Incorporated operates as a health care company in the United States and internationally. The company operates through four segments: UnitedHealthcare, Optum Health, Optum Insight, and Optum Rx. The UnitedHealthcare segment offers consumer-oriented health benefit plans and services for national employers, public sector employers, mid-sized employers, small businesses, and individuals; health care coverage, and health and well-being services to individuals age 50 and older; Medicaid plans, children's health insurance and health care programs; and health care benefits products and services to state programs caring for the economically disadvantaged, medically underserved, and those without the benefit of employer-funded health care coverage. The Optum Health segment provides care delivery, care management, wellness and consumer engagement, and health financial services patients, consumers, care delivery systems, providers, employers, payers, and public-sector entities. The Optum Insight segment offers software and information products, advisory consulting arrangements, and managed services outsourcing contracts to hospital systems, physicians, health plans, governments, life sciences companies, and other organizations. The Optum Rx segment provides pharmacy care services and programs, including retail network contracting, home delivery, specialty and community health pharmacy services, infusion, and purchasing and clinical capabilities, as well as develops programs in the areas of step therapy, formulary management, drug adherence, and disease and drug therapy management. UnitedHealth Group Incorporated was founded in 1974 and is based in Eden Prairie, Minnesota.","https://www.unitedhealthgroup.com","Healthcare Plans","Healthcare","United States","MN","Eden Prairie",400000,NULL,"USD","NYQ","EQUITY",NULL,"2025-08-17 07:37:18.527148","2025-08-17",2025
45,"MA","Mastercard Incorporated","Mastercard Incorporated, a technology company, provides transaction processing and other payment-related products and services in the United States and internationally. The company offers integrated products and value-added services for account holders, merchants, financial institutions, digital partners, businesses, governments, and other organizations, such as programs that enable issuers to provide consumers with credits to defer payments; payment products and solutions that allow its customers to access funds in deposit and other accounts; prepaid programs services; consumer bill payment services; and commercial credit, debit, and prepaid payment products and solutions. It also provides solutions that enable businesses or governments to make payments to businesses, including Virtual Card Number, which is generated dynamically from a physical card and leverages the credit limit of the funding account; and a platform to optimize supplier payment enablement campaigns for financial institutions. In addition, the company offers Mastercard Move, which partners with digital messaging and payment platforms to enable consumers to send money directly within applications to other consumers; and partners with central banks, fintechs and financial institutions to help governments and nonprofits, as well as enables various cross-border payment flows. Further, it provides security solutions; personalization, issuer and merchant loyalty, and marketing services; advanced analytics, business intelligence, economic and location-based insights, payments consulting, and operational insights services; processing and gateway solutions; and open banking services. The company offers payment solutions and services under the MasterCard, Maestro, and Cirrus names. Mastercard Incorporated was founded in 1966 and is headquartered in Purchase, New York.","https://www.mastercard.com","Credit Services","Financial Services","United States","NY","Purchase",35300,NULL,"USD","NYQ","EQUITY",NULL,"2025-08-17 07:37:19.962603","2025-08-17",2025
46,"DIS","The Walt Disney Company","The Walt Disney Company operates as an entertainment company in the Americas, Europe, and the Asia Pacific. It operates through three segments: Entertainment, Sports, and Experiences. The company produces and distributes film and television content under the ABC Television Network, Disney, Freeform, FX, Fox, National Geographic, and Star brand television channels, as well as ABC television stations and A+E television networks; and produces original content under the Disney Branded Television, FX Productions, Lucasfilm, Marvel, National Geographic Studios, Pixar, Searchlight Pictures, Twentieth Century Studios, 20th Television, and Walt Disney Pictures banners. It also offers direct-to-consumer streaming services through Disney+, Disney+ Hotstar, and Hulu; sports-related video streaming content through ESPN, ESPN on ABC, ESPN+ DTC, and Star; sale/licensing of film and episodic content to television and video-on-demand services; theatrical, home entertainment, and music distribution services; DVD and Blu-ray discs, electronic home video licenses, and VOD rental services; staging and licensing of live entertainment events; and post-production services. In addition, the company operates theme parks and resorts comprising Walt Disney World Resort, Disneyland Resort, Disneyland Paris, Hong Kong Disneyland Resort, Shanghai Disney Resort, Disney Cruise Line, Disney Vacation Club, National Geographic Expeditions, and Adventures by Disney, as well as Aulani, a Disney resort and spa in Hawaii. Further, it licenses its intellectual property (IP) to a third party that owns and operates Tokyo Disney Resort; licenses trade names, characters, visual, literary, and other IP for use on merchandise, published materials, and games; operates a direct-to-home satellite distribution platform; sells branded merchandise through retail, online, and wholesale businesses; and develops and publishes books, comic books, and magazines. The Walt Disney Company was founded in 1923 and is based in Burbank, California.","https://thewaltdisneycompany.com","Entertainment","Communication Services","United States","CA","Burbank",177080,NULL,"USD","NYQ","EQUITY",NULL,"2025-08-17 07:37:21.322279","2025-08-17",2025
47,"HD","The Home Depot, Inc.","The Home Depot, Inc. operates as a home improvement retailer in the United States and internationally. It sells various building materials, home improvement products, lawn and garden products, and décor products, as well as facilities maintenance, repair, and operations products. The company also offers installation services for flooring, water heaters, baths, garage doors, cabinets, cabinet makeovers, countertops, sheds, furnaces and central air systems, and windows. In addition, it provides tool and equipment rental services. The company serves consumers, such as do-it-yourself homeowners and do-it-for-me customers; and professional renovators/remodelers, general contractors, small to medium homebuilders, maintenance professionals, handymen, property managers, building service contractors and specialty tradespeople, such as electricians, landscapers, plumbers, painters, pool contractors, and roofers. It sells its products through websites and its mobile applications, including homedepot.com; homedepot.ca and homedepot.com.mx; blinds.com, justblinds.com, and americanblinds.com for custom window coverings; thecompanystore.com, an online site for textiles and décor products; hdsupply.com for maintenance, repair, and operations products and related services; and srsdistribution.com, heritagelandscapesupplygroup.com, and heritagepoolsupplygroup.com for roofing and building materials, landscape, and pool products; and The Home Depot stores. The Home Depot, Inc. was incorporated in 1978 and is headquartered in Atlanta, Georgia.","https://www.homedepot.com","Home Improvement Retail","Consumer Cyclical","United States","GA","Atlanta",470000,NULL,"USD","NYQ","EQUITY",NULL,"2025-08-17 07:37:22.621911","2025-08-17",2025
48,"PYPL","PayPal Holdings, Inc.","PayPal Holdings, Inc. operates a technology platform that enables digital payments for merchants and consumers worldwide. It operates a two-sided network at scale that connects merchants and consumers that enables its customers to connect, transact, and send and receive payments through online and in person, as well as transfer and withdraw funds using various funding sources, such as bank accounts, PayPal or Venmo account balance, consumer credit products, credit and debit cards, and cryptocurrencies, as well as other stored value products, including gift cards and eligible rewards. The company provides payment solutions under the PayPal, PayPal Credit, Braintree, Venmo, Xoom, Zettle, Hyperwallet, Honey, and Paidy names. The company was founded in 1998 and is headquartered in San Jose, California.","https://www.paypal.com","Credit Services","Financial Services","United States","CA","San Jose",24400,NULL,"USD","NMS","EQUITY",NULL,"2025-08-17 07:37:23.963177","2025-08-17",2025
49,"BAC","Bank of America Corporation","Bank of America Corporation, through its subsidiaries, provides various financial products and services for individual consumers, small and middle-market businesses, institutional investors, large corporations, and governments worldwide. The company operates through four segments: Consumer Banking, Global Wealth & Investment Management (GWIM), Global Banking, and Global Markets. The Consumer Banking segment offers traditional and money market savings accounts, certificates of deposit and IRAs, checking accounts, and investment accounts and products; credit and debit cards; residential mortgages and home equity loans; and direct and indirect loans, such as automotive, recreational vehicle, and consumer personal loans. The GWIM segment provides investment management, brokerage, banking, and trust and retirement products and services; wealth management solutions; and customized solutions, including specialty asset management services. The Global Banking segment offers lending products and services, including commercial loans, leases, commitment facilities, trade finance, and commercial real estate and asset-based lending; treasury solutions, such as treasury management, foreign exchange, short-term investing options, and merchant services; working capital management solutions; debt and equity underwriting and distribution, and merger-related and other advisory services; and fixed-income and equity research services. The Global Markets segment provides market-making, financing, securities clearing, settlement, and custody services; securities and derivative products; and risk management products using interest rate, equity, credit, currency and commodity derivatives, foreign exchange, fixed-income, and mortgage-related products. Bank of America Corporation was founded in 1784 and is based in Charlotte, North Carolina.","https://www.bankofamerica.com","Banks - Diversified","Financial Services","United States","NC","Charlotte",213000,NULL,"USD","NYQ","EQUITY",NULL,"2025-08-17 07:37:25.280939","2025-08-17",2025
50,"NFLX","Netflix, Inc.","Netflix, Inc. provides entertainment services. The company offers television (TV) series, documentaries, feature films, and games across various genres and languages. It also provides members the ability to receive streaming content through a host of internet-connected devices, including TVs, digital video players, TV set-top boxes, and mobile devices. The company operates approximately in 190 countries. Netflix, Inc. was incorporated in 1997 and is headquartered in Los Gatos, California.","https://www.netflix.com","Entertainment","Communication Services","United States","CA","Los Gatos",14000,NULL,"USD","NMS","EQUITY",NULL,"2025-08-17 07:37:26.694528","2025-08-17",2025
51,"ADBE","Adobe Inc.","Adobe Inc., together with its subsidiaries, operates as a technology company worldwide. It operates through three segments: Digital Media, Digital Experience, and Publishing and Advertising. The Digital Media segment offers products and services that enable individuals, teams, and enterprises to create, publish, and promote content; and Document Cloud, a cloud-based document services platform. Its flagship product is Creative Cloud, a subscription service that allows subscribers to use its creative products and applications (apps) integrated with cloud-delivered services across various surfaces and platforms. This segment serves photographers, video editors, graphic and experience designers, and game developers; content creators, students, marketers, and knowledge workers; and consumers. The Digital Experience segment provides an integrated platform and set of products, services, and solutions that enable brands and businesses to create, manage, execute, measure, monetize, and optimize customer experiences from analytics to commerce. This segment serves marketers, advertisers, agencies, publishers, merchandisers, merchants, web analysts, data scientists, developers, and executives across the C-suite. The Publishing and Advertising segment offers products and services, such as e-learning solutions, technical document publishing, web conferencing, document and forms platform, web application development, and high-end printing, as well as Adobe Advertising offerings. It provides consulting, training, customer management, technical support, and learning services. The company offers its solutions directly to enterprise customers through its sales force and local field offices, and directly to businesses and consumers, as well as licenses its products to end-user customers through app stores and website at adobe.com. It markets and distributes its products through sales channels, including distributors, retailers, software developers, mobile app stores, systems integrators, independent software vendors, value-added resellers, and original equipment and hardware manufacturers. The company was formerly known as Adobe Systems Incorporated and changed its name to Adobe Inc. in October 2018. Adobe Inc. was founded in 1982 and is headquartered in San Jose, California.","https://www.adobe.com","Software - Application","Technology","United States","CA","San Jose",30709,NULL,"USD","NMS","EQUITY",NULL,"2025-08-17 07:37:28.047886","2025-08-17",2025
52,"CRM","Salesforce, Inc.","Salesforce, Inc. provides customer relationship management (CRM) technology that connects companies and customers together worldwide. The company offers Agentforce, an agentic layer of the salesforce platform; Data Cloud, a data engine; Industries AI for creating industry-specific AI agents with Agentforce ; Salesforce Starter, a suite of solution for small and medium-size business; Slack, a workplace communication and productivity platform; Tableau, an end-to-end analytics solution for range of enterprise use cases and intelligent analytics with AI models, spot trends, predict outcomes, timely recommendations, and take action from any device; and integration and analytics solutions. It also provides marketing platform; commerce services, which empowers shopping experience across various customer touchpoint; and field service solution that enables companies to connect service agents, dispatchers, and mobile employees through one centralized platform to schedule and dispatch work, as well as track and manage jobs. Salesforce, Inc. was incorporated in 1999 and is headquartered in San Francisco, California.","https://www.salesforce.com","Software - Application","Technology","United States","CA","San Francisco",76453,NULL,"USD","NYQ","EQUITY",NULL,"2025-08-17 07:37:29.684438","2025-08-17",2025
53,"CMCSA","Comcast Corporation","Comcast Corporation operates as a media and technology company worldwide. It operates through Residential Connectivity & Platforms, Business Services Connectivity, Media, Studios, and Theme Parks segments. The Residential Connectivity & Platforms segment provides residential broadband and wireless connectivity services, residential and business video services, sky-branded entertainment television networks, and advertising. The Business Services Connectivity segment offers connectivity services for small business locations, which include broadband, wireline voice, and wireless services; and ethernet network services for medium-sized customers and larger enterprises. The Media segment operates NBCUniversal's national and regional cable networks; the NBC and Telemundo broadcast networks and owned local broadcast television stations; and Peacock, a direct-to-consumer streaming services. It also operates international television networks comprising the Sky Sports networks, as well as other digital properties. The Studios segment operates NBCUniversal and Sky film and television studio production and distribution operations. The Theme Parks segment operates Universal theme parks in Orlando, Florida; Hollywood, California; Osaka, Japan; and Beijing, China. The company also offers a consolidated streaming platforms under the Philadelphia Flyers and the Wells Fargo Center arena in Philadelphia, Pennsylvania; and Xumo. Comcast Corporation was founded in 1963 and is headquartered in West Palm Beach, Florida.","https://corporate.comcast.com","Telecom Services","Communication Services","United States","FL","West Palm Beach",182000,NULL,"USD","NMS","EQUITY",NULL,"2025-08-17 07:37:31.307388","2025-08-17",2025
54,"XOM","Exxon Mobil Corporation","Exxon Mobil Corporation engages in the exploration and production of crude oil and natural gas in the United States, Canada, the United Kingdom, Singapore, France, and internationally. It operates through Upstream, Energy Products, Chemical Products, and Specialty Products segments. The Upstream segment explores for and produces crude oil and natural gas. The Energy Products segment offers fuels, aromatics, and catalysts, as well as licensing services. The Chemical Products segment manufactures and sells petrochemicals, including olefins, polyolefins, and intermediates. The Specialty Products segment offers performance products, including finished lubricants, basestocks, waxes, synthetics, elastomers, and resins. The company is involved in the manufacture, trading, transportation, and sale of crude oil, natural gas, petroleum products, petrochemicals, and other specialty products; and pursuit of lower-emission and business opportunities, including carbon capture and storage, hydrogen, lower-emission fuels, Proxxima systems, carbon materials, and lithium. It sells its products under the Exxon, Esso, and Mobil brands. Exxon Mobil Corporation was founded in 1870 and is headquartered in Spring, Texas.","https://corporate.exxonmobil.com","Oil & Gas Integrated","Energy","United States","TX","Spring",61000,NULL,"USD","NYQ","EQUITY",NULL,"2025-08-17 07:37:32.650907","2025-08-17",2025
55,"VZ","Verizon Communications Inc.","Verizon Communications Inc., through its subsidiaries, engages in the provision of communications, technology, information, and entertainment products and services to consumers, businesses, and governmental entities worldwide. It operates in two segments, Verizon Consumer Group (Consumer) and Verizon Business Group (Business). The Consumer segment provides wireless services across the wireless networks in the United States under the Verizon and TracFone brands and through wholesale and other arrangements; and fixed wireless access (FWA) broadband through its wireless networks, as well as related equipment and devices, such as smartphones, tablets, smart watches, and other wireless-enabled connected devices. The segment also offers wireline services in the Mid-Atlantic and Northeastern United States, as well as Washington D.C. through its fiber-optic network, Verizon Fios product portfolio, and a copper-based network. The Business segment provides wireless and wireline communications services and products, including FWA broadband, data, video and conferencing, corporate networking, security and managed network, local and long-distance voice, and network access services to deliver various IoT services and products to businesses, government customers, and wireless and wireline carriers in the United States and internationally. The company was formerly known as Bell Atlantic Corporation and changed its name to Verizon Communications Inc. in June 2000. Verizon Communications Inc. was incorporated in 1983 and is headquartered in New York, New York.","https://www.verizon.com","Telecom Services","Communication Services","United States","NY","New York",100000,NULL,"USD","NYQ","EQUITY",NULL,"2025-08-17 07:37:33.986894","2025-08-17",2025
56,"ABT","Abbott Laboratories","Abbott Laboratories, together with its subsidiaries, discovers, develops, manufactures, and sells health care products worldwide. It operates in four segments: Established Pharmaceutical Products, Diagnostic Products, Nutritional Products, and Medical Devices. The company provides generic pharmaceuticals for the treatment of pancreatic exocrine insufficiency, irritable bowel syndrome or biliary spasm, intrahepatic cholestasis or depressive symptoms, gynecological disorder, hormone replacement therapy, dyslipidemia, hypertension, hypothyroidism, hypertriglyceridemia, Ménière's disease and vestibular vertigo, pain, fever, inflammation, and migraine, as well as provides anti-infective clarithromycin, influenza vaccine, and products to regulate physiological rhythm of the colon. It also offers laboratory and transfusion medicine systems in the areas of immunoassay, clinical chemistry, hematology, and transfusion serology testing; molecular diagnostics polymerase chain reaction instrument systems that automate the extraction, purification, and preparation of DNA and RNA from patient samples, and detect and measure infectious agents; point of care systems; cartridges for testing blood gas, chemistry, electrolytes, coagulation, and immunoassay; rapid diagnostics lateral flow testing products; molecular point-of-care testing for HIV, SARS-CoV-2, influenza A and B, RSV, and strep A; cardiometabolic test systems; and drug and alcohol test. In addition, the company provides pediatric and adult nutritional products and infant formula; rhythm management, electrophysiology, heart failure, vascular, and structural heart devices for the treatment of cardiovascular diseases; diabetes care products, such as glucose and blood glucose monitoring systems; and neuromodulation devices for the management of chronic pain and movement disorders. Abbott Laboratories was founded in 1888 and is based in North Chicago, Illinois.","https://www.abbott.com","Medical Devices","Healthcare","United States","IL","North Chicago",114000,NULL,"USD","NYQ","EQUITY",NULL,"2025-08-17 07:37:35.428646","2025-08-17",2025
57,"KO","The Coca-Cola Company","The Coca-Cola Company, a beverage company, manufactures and sells various nonalcoholic beverages in the United States and internationally. The company provides sparkling soft drinks and flavors; water, sports, coffee, and tea; juice, value-added dairy, and plant-based beverages; and other beverages. It also offers beverage concentrates and syrups, as well as fountain syrups to fountain retailers comprising restaurants and convenience stores. The company sells its products under the Coca-Cola, Diet Coke/Coca-Cola Light, Coca-Cola Zero Sugar, caffeine free Diet Coke, Cherry Coke, Fanta Orange, Fanta Zero Orange, Fanta Zero Sugar, Fanta Apple, Sprite, Sprite Zero Sugar, Simply Orange, Simply Apple, Simply Grapefruit, Fresca, Schweppes, Thums Up, Aquarius, Ayataka, BODYARMOR, Ciel, Costa, Crystal, Dasani, dogadan, Fuze Tea, Georgia, glacéau smartwater, glacéau vitaminwater, Gold Peak, I LOHAS, Powerade, Topo Chico, Core Power, Del Valle, fairlife, innocent, Maaza, Minute Maid, Minute Maid Pulpy, and Simply brands. It operates through a network of independent bottling partners, distributors, wholesalers, and retailers, as well as through bottling and distribution operators. The company was founded in 1886 and is headquartered in Atlanta, Georgia.","https://www.coca-colacompany.com","Beverages - Non-Alcoholic","Consumer Defensive","United States","GA","Atlanta",69700,NULL,"USD","NYQ","EQUITY",NULL,"2025-08-17 07:37:36.728607","2025-08-17",2025
58,"NKE","NIKE, Inc.","NIKE, Inc., together with its subsidiaries, designs, develops, markets, and sells athletic and casual footwear, apparel, equipment, accessories, and services for men, women, and kids in North America, Europe, the Middle East, Africa, Greater China, the Asia Pacific, and Latin America. The company offers its products under the NIKE, Jordan, Jumpman, Converse, Chuck Taylor, All Star, One Star, Star Chevron, and Jack Purcell trademarks. It also provides a line of performance equipment and accessories, including bags, socks, sport balls, eyewear, timepieces, digital devices, bats, gloves, protective equipment, and other equipment for sports activities, as well as various plastic products to other manufacturers; distributes and licenses casual sneakers, apparel, and accessories; and markets apparel with licensed college and professional team and league logos. In addition, the company offers consumer services and experiences, including sport focused events and activations; fitness and activity apps; sport, fitness, and wellness content; and digital services and features in retail stores. It sells its products to footwear stores; sporting goods stores; athletic specialty stores; department stores; skate, tennis, and golf shops; and other wholesale accounts through NIKE-owned retail stores, independent distributors, licensees, sales representatives, and digital platforms. The company was formerly known as Blue Ribbon Sports, Inc. and changed its name to NIKE, Inc. in May 1971. NIKE, Inc. was founded in 1964 and is headquartered in Beaverton, Oregon.","https://www.nike.com","Footwear & Accessories","Consumer Cyclical","United States","OR","Beaverton",77800,NULL,"USD","NYQ","EQUITY",NULL,"2025-08-17 07:37:38.079394","2025-08-17",2025
59,"PEP","PepsiCo, Inc.","PepsiCo, Inc. engages in the manufacture, marketing, distribution, and sale of various beverages and convenient foods worldwide. The company operates through seven segments: Frito-Lay North America; Quaker Foods North America; PepsiCo Beverages North America; Latin America; Europe; Africa, Middle East and South Asia; and Asia Pacific, Australia and New Zealand and China Region. It provides dips, cheese-flavored snacks, and spreads, as well as corn, potato, and tortilla chips; cereals, rice, pasta, mixes and syrups, granola bars, grits, oatmeal, rice cakes, and side dishes; beverage concentrates, fountain syrups, and finished goods; ready-to-drink tea, coffee, and juices; dairy products; and sparkling water makers and related products, as well as distributes alcoholic beverages under Hard MTN Dew brand. The company offers its products primarily under the Lay's, Doritos, Fritos, Tostitos, BaiCaoWei, Cheetos, Cap'n Crunch, Life, Pearl Milling Company, Gatorade, Pepsi-Cola, Mountain Dew, Quaker, Rice-A-Roni, Aquafina, Bubly, Emperador, Diet Mountain Dew, Diet Pepsi, Gatorade Zero, Crush, Propel, Dr Pepper, Schweppes, Marias Gamesa, Ruffles, Sabritas, Saladitas, Tostitos, 7UP, Diet 7UP, H2oh!, Manzanita Sol, Mirinda, Pepsi Black, Pepsi Max, San Carlos, Toddy, Walkers, Chipsy, Kurkure, Sasko, Spekko, White Star, Smith's, Sting, SodaStream, Lubimyj Sad, Agusha, Chudo, Domik v Derevne, Lipton, and other brands. It serves wholesale and other distributors, foodservice customers, grocery stores, drug stores, convenience stores, discount/dollar stores, mass merchandisers, membership stores, hard discounters, e-commerce retailers and authorized independent bottlers, and others through a network of direct-store-delivery, customer warehouse, and distributor networks, as well as directly to consumers through e-commerce platforms and retailers. The company was founded in 1898 and is based in Purchase, New York.","https://www.pepsico.com","Beverages - Non-Alcoholic","Consumer Defensive","United States","NY","Purchase",319000,NULL,"USD","NMS","EQUITY",NULL,"2025-08-17 07:37:39.410854","2025-08-17",2025
60,"T","AT&T Inc.","AT&T Inc. provides telecommunications and technology services worldwide. The company operates through two segments, Communications and Latin America. The Communications segment offers wireless voice and data communications services; and sells handsets, wireless data cards, wireless computing devices, carrying cases/protective covers, and wireless chargers through its own company-owned stores, agents, and third-party retail stores. It also provides AT&T Dedicated Internet, fiber ethernet and broadband, fixed wireless, and hosted and managed professional services; and copper-based voice and data, Virtual Private Networks (VPN), wholesale, outsourcing, and IP, as well as customer premises equipment for multinational corporations, small and mid-sized businesses, governmental, and wholesale customers. In addition, this segment offers broadband services, including fiber connections, legacy telephony voice communication services, and other VoIP services and equipment to residential customers. This segment markets its communications services and products under the AT&T, AT&T Business, Cricket, AT&T PREPAID, AT&T Fiber, and AT&T Internet Air brand names. The Latin America segment provides postpaid and prepaid wireless services in Mexico under the AT&T and Unefon brand names, as well as sells smartphones through its stores, agents and third-party retail stores. The company was formerly known as SBC Communications Inc. and changed its name to AT&T Inc. in 2005. AT&T Inc. was incorporated in 1983 and is based in Dallas, Texas.","https://www.att.com","Telecom Services","Communication Services","United States","TX","Dallas",137550,NULL,"USD","NYQ","EQUITY",NULL,"2025-08-17 07:37:40.845487","2025-08-17",2025
